file,type,line,method,source
/localtunnel.spec.js,IdenticalTestDescription,"{'startLine':98,'endLine':128}","it('override Host header with local-host', async done => {
    const tunnel = await localtunnel({ port: fakePort, local_host: '127.0.0.1' });
    assert.ok(new RegExp('^https://.*localtunnel.me$').test(tunnel.url));

    const parsed = url.parse(tunnel.url);
    const opt = {
      host: parsed.host,
      port: 443,
      headers: {
        host: parsed.hostname,
      },
      path: '/',
    };

    const req = https.request(opt, res => {
      res.setEncoding('utf8');
      let body = '';

      res.on('data', chunk => {
        body += chunk;
      });

      res.on('end', () => {
        assert.strictEqual(body, '127.0.0.1');
        tunnel.close();
        done();
      });
    });

    req.end();
  })",snuts
/localtunnel.spec.js,Assertion Roulette,"{'column': 2, 'line': 28}","it('query localtunnel server w/ ident', async done => {
  const tunnel = await localtunnel({ port: fakePort });
  assert.ok(new RegExp('^https://.*localtunnel.me$').test(tunnel.url));

  const parsed = url.parse(tunnel.url);
  const opt = {
    host: parsed.host,
    port: 443,
    headers: { host: parsed.hostname },
    path: '/',
  };

  const req = https.request(opt, res => {
    res.setEncoding('utf8');
    let body = '';

    res.on('data', chunk => {
      body += chunk;
    });

    res.on('end', () => {
      assert(/.*[.]localtunnel[.]me/.test(body), body);
      tunnel.close();
      done();
    });
  });

  req.end();
})",steel
/localtunnel.spec.js,Assertion Roulette,"{'column': 4, 'line': 68}","it('override Host header with local-host', async done => {
    const tunnel = await localtunnel({ port: fakePort, local_host: 'localhost' });
    assert.ok(new RegExp('^https://.*localtunnel.me$').test(tunnel.url));

    const parsed = url.parse(tunnel.url);
    const opt = {
      host: parsed.host,
      port: 443,
      headers: { host: parsed.hostname },
      path: '/',
    };

    const req = https.request(opt, res => {
      res.setEncoding('utf8');
      let body = '';

      res.on('data', chunk => {
        body += chunk;
      });

      res.on('end', () => {
        assert.strictEqual(body, 'localhost');
        tunnel.close();
        done();
      });
    });

    req.end();
  })",steel
/localtunnel.spec.js,Assertion Roulette,"{'column': 8, 'line': 87}","it('override Host header with local-host', async done => {
    const tunnel = await localtunnel({ port: fakePort, local_host: 'localhost' });
    assert.ok(new RegExp('^https://.*localtunnel.me$').test(tunnel.url));

    const parsed = url.parse(tunnel.url);
    const opt = {
      host: parsed.host,
      port: 443,
      headers: { host: parsed.hostname },
      path: '/',
    };

    const req = https.request(opt, res => {
      res.setEncoding('utf8');
      let body = '';

      res.on('data', chunk => {
        body += chunk;
      });

      res.on('end', () => {
        assert.strictEqual(body, 'localhost');
        tunnel.close();
        done();
      });
    });

    req.end();
  })",steel
/localtunnel.spec.js,Assertion Roulette,"{'column': 4, 'line': 100}","it('override Host header with local-host', async done => {
    const tunnel = await localtunnel({ port: fakePort, local_host: '127.0.0.1' });
    assert.ok(new RegExp('^https://.*localtunnel.me$').test(tunnel.url));

    const parsed = url.parse(tunnel.url);
    const opt = {
      host: parsed.host,
      port: 443,
      headers: {
        host: parsed.hostname,
      },
      path: '/',
    };

    const req = https.request(opt, res => {
      res.setEncoding('utf8');
      let body = '';

      res.on('data', chunk => {
        body += chunk;
      });

      res.on('end', () => {
        assert.strictEqual(body, '127.0.0.1');
        tunnel.close();
        done();
      });
    });

    req.end();
  })",steel
/localtunnel.spec.js,Assertion Roulette,"{'column': 8, 'line': 121}","it('override Host header with local-host', async done => {
    const tunnel = await localtunnel({ port: fakePort, local_host: '127.0.0.1' });
    assert.ok(new RegExp('^https://.*localtunnel.me$').test(tunnel.url));

    const parsed = url.parse(tunnel.url);
    const opt = {
      host: parsed.host,
      port: 443,
      headers: {
        host: parsed.hostname,
      },
      path: '/',
    };

    const req = https.request(opt, res => {
      res.setEncoding('utf8');
      let body = '';

      res.on('data', chunk => {
        body += chunk;
      });

      res.on('end', () => {
        assert.strictEqual(body, '127.0.0.1');
        tunnel.close();
        done();
      });
    });

    req.end();
  })",steel
/localtunnel.spec.js,Assertion Roulette,"{'column': 4, 'line': 132}","it('send chunked request', async done => {
    const tunnel = await localtunnel({ port: fakePort, local_host: '127.0.0.1' });
    assert.ok(new RegExp('^https://.*localtunnel.me$').test(tunnel.url));

    const parsed = url.parse(tunnel.url);
    const opt = {
      host: parsed.host,
      port: 443,
      headers: {
        host: parsed.hostname,
        'Transfer-Encoding': 'chunked',
      },
      path: '/',
    };

    const req = https.request(opt, res => {
      res.setEncoding('utf8');
      let body = '';

      res.on('data', chunk => {
        body += chunk;
      });

      res.on('end', () => {
        assert.strictEqual(body, '127.0.0.1');
        tunnel.close();
        done();
      });
    });

    req.end(crypto.randomBytes(1024 * 8).toString('base64'));
  })",steel
/localtunnel.spec.js,Assertion Roulette,"{'column': 8, 'line': 154}","it('send chunked request', async done => {
    const tunnel = await localtunnel({ port: fakePort, local_host: '127.0.0.1' });
    assert.ok(new RegExp('^https://.*localtunnel.me$').test(tunnel.url));

    const parsed = url.parse(tunnel.url);
    const opt = {
      host: parsed.host,
      port: 443,
      headers: {
        host: parsed.hostname,
        'Transfer-Encoding': 'chunked',
      },
      path: '/',
    };

    const req = https.request(opt, res => {
      res.setEncoding('utf8');
      let body = '';

      res.on('data', chunk => {
        body += chunk;
      });

      res.on('end', () => {
        assert.strictEqual(body, '127.0.0.1');
        tunnel.close();
        done();
      });
    });

    req.end(crypto.randomBytes(1024 * 8).toString('base64'));
  })",steel
/localtunnel.spec.js,Lazy Test,"{'line': 27, 'column': 23, 'index': 588}","it('query localtunnel server w/ ident', async done => {
  const tunnel = await localtunnel({ port: fakePort });
  assert.ok(new RegExp('^https://.*localtunnel.me$').test(tunnel.url));

  const parsed = url.parse(tunnel.url);
  const opt = {
    host: parsed.host,
    port: 443,
    headers: { host: parsed.hostname },
    path: '/',
  };

  const req = https.request(opt, res => {
    res.setEncoding('utf8');
    let body = '';

    res.on('data', chunk => {
      body += chunk;
    });

    res.on('end', () => {
      assert(/.*[.]localtunnel[.]me/.test(body), body);
      tunnel.close();
      done();
    });
  });

  req.end();
})",steel
/localtunnel.spec.js,Lazy Test,"{'line': 60, 'column': 23, 'index': 1286}","it('request specific domain', async () => {
  const subdomain = Math.random()
    .toString(36)
    .substr(2);
  const tunnel = await localtunnel({ port: fakePort, subdomain });
  assert.ok(new RegExp(`^https://${subdomain}.localtunnel.me$`).test(tunnel.url));
  tunnel.close();
})",steel
/localtunnel.spec.js,Lazy Test,"{'line': 67, 'column': 25, 'index': 1565}","it('override Host header with local-host', async done => {
    const tunnel = await localtunnel({ port: fakePort, local_host: 'localhost' });
    assert.ok(new RegExp('^https://.*localtunnel.me$').test(tunnel.url));

    const parsed = url.parse(tunnel.url);
    const opt = {
      host: parsed.host,
      port: 443,
      headers: { host: parsed.hostname },
      path: '/',
    };

    const req = https.request(opt, res => {
      res.setEncoding('utf8');
      let body = '';

      res.on('data', chunk => {
        body += chunk;
      });

      res.on('end', () => {
        assert.strictEqual(body, 'localhost');
        tunnel.close();
        done();
      });
    });

    req.end();
  })",steel
/localtunnel.spec.js,Lazy Test,"{'line': 99, 'column': 25, 'index': 2319}","it('override Host header with local-host', async done => {
    const tunnel = await localtunnel({ port: fakePort, local_host: '127.0.0.1' });
    assert.ok(new RegExp('^https://.*localtunnel.me$').test(tunnel.url));

    const parsed = url.parse(tunnel.url);
    const opt = {
      host: parsed.host,
      port: 443,
      headers: {
        host: parsed.hostname,
      },
      path: '/',
    };

    const req = https.request(opt, res => {
      res.setEncoding('utf8');
      let body = '';

      res.on('data', chunk => {
        body += chunk;
      });

      res.on('end', () => {
        assert.strictEqual(body, '127.0.0.1');
        tunnel.close();
        done();
      });
    });

    req.end();
  })",steel
/localtunnel.spec.js,Lazy Test,"{'line': 131, 'column': 25, 'index': 3025}","it('send chunked request', async done => {
    const tunnel = await localtunnel({ port: fakePort, local_host: '127.0.0.1' });
    assert.ok(new RegExp('^https://.*localtunnel.me$').test(tunnel.url));

    const parsed = url.parse(tunnel.url);
    const opt = {
      host: parsed.host,
      port: 443,
      headers: {
        host: parsed.hostname,
        'Transfer-Encoding': 'chunked',
      },
      path: '/',
    };

    const req = https.request(opt, res => {
      res.setEncoding('utf8');
      let body = '';

      res.on('data', chunk => {
        body += chunk;
      });

      res.on('end', () => {
        assert.strictEqual(body, '127.0.0.1');
        tunnel.close();
        done();
      });
    });

    req.end(crypto.randomBytes(1024 * 8).toString('base64'));
  })",steel
