file,type,line,frame
/home/gabriel/Disk/Research/research-javascript-test-smells/repositories/serverless-express/__tests__/unit.js,Ignored Test,"{'line': 175, 'column': 9, 'index': 5830}","  173 | }
  174 |
> 175 | describe.skip('forwardResponse: content-type encoding', () => {
      |         ^ Ignored Test
  176 |   test('content-type header missing', async (done) => {
  177 |     const binaryMimeTypes = []
  178 |     const multiValueHeaders = { foo: ['bar'] }"
/home/gabriel/Disk/Research/research-javascript-test-smells/repositories/serverless-express/__tests__/unit.js,Lazy Test,"{'line': 303, 'column': 32, 'index': 10118}","  301 |       (resolve, reject) => {
  302 |         const context = new MockContext(resolve, reject)
> 303 |         const contextResolver = makeResolver({
      |                                ^ Lazy Test
  304 |           context,
  305 |           resolutionMode: 'CONTEXT'
  306 |         })"
/home/gabriel/Disk/Research/research-javascript-test-smells/repositories/serverless-express/__tests__/unit.js,Lazy Test,"{'line': 316, 'column': 29, 'index': 10468}","  314 |   test('CALLBACK', () => {
  315 |     const callback = (e, response) => response
> 316 |     const callbackResolver = makeResolver({
      |                             ^ Lazy Test
  317 |       callback,
  318 |       resolutionMode: 'CALLBACK',
  319 |       context: {}"
/home/gabriel/Disk/Research/research-javascript-test-smells/repositories/serverless-express/__tests__/unit.js,Lazy Test,"{'line': 334, 'column': 30, 'index': 10866}","  332 |         reject
  333 |       }
> 334 |       const promiseResolver = makeResolver({
      |                              ^ Lazy Test
  335 |         promise,
  336 |         resolutionMode: 'PROMISE'
  337 |       })"
/home/gabriel/Disk/Research/research-javascript-test-smells/repositories/serverless-express/__tests__/integration.js,Conditional Test Logic,"{'line': 267, 'column': 4, 'index': 8183}","  265 |     const etagRegex = /^W\/.*$/
  266 |     const lastModifiedRegex = /^.* GMT$/
> 267 |     switch (eventSourceName) {
      |    ^ Conditional Test Logic
  268 |       case 'alb':
  269 |       case 'apiGatewayV1':
  270 |         expect(response.multiValueHeaders.etag.length).toEqual(1)"
/home/gabriel/Disk/Research/research-javascript-test-smells/repositories/serverless-express/__tests__/integration.js,Conditional Test Logic,"{'line': 473, 'column': 4, 'index': 14728}","  471 |     jest.useRealTimers()
  472 |
> 473 |     switch (eventSourceName) {
      |    ^ Conditional Test Logic
  474 |       case 'azureHttpFunctionV4':
  475 |       case 'azureHttpFunctionV3':
  476 |         expectedResponse.cookies = ["
/home/gabriel/Disk/Research/research-javascript-test-smells/repositories/serverless-express/__tests__/integration.js,Conditional Test Logic,"{'line': 517, 'column': 6, 'index': 15686}","  515 |       ]
  516 |
> 517 |       for (const method of mockMethods) { mocks.push(jest.spyOn(global.console, method).mockImplementation()) }
      |      ^ Conditional Test Logic
  518 |     })
  519 |
  520 |     afterEach(() => {"
/home/gabriel/Disk/Research/research-javascript-test-smells/repositories/serverless-express/__tests__/integration.js,Conditional Test Logic,"{'line': 521, 'column': 6, 'index': 15828}","  519 |
  520 |     afterEach(() => {
> 521 |       for (const mock of mocks) mock.mockRestore()
      |      ^ Conditional Test Logic
  522 |     })
  523 |
  524 |     test('custom logger', async () => {"
/home/gabriel/Disk/Research/research-javascript-test-smells/repositories/serverless-express/__tests__/integration.js,Duplicate Assert,"{'line': 281, 'column': 8, 'index': 8873}","  279 |         expectedResponse.body = Buffer.from(samLogoBase64, 'base64')
  280 |         expectedResponse.isBase64Encoded = false
> 281 |         expect(response.headers.etag).toMatch(etagRegex)
      |        ^ Duplicate Assert
  282 |         expect(response.headers['last-modified']).toMatch(lastModifiedRegex)
  283 |         delete response.headers.etag
  284 |         delete response.headers['last-modified']"
/home/gabriel/Disk/Research/research-javascript-test-smells/repositories/serverless-express/__tests__/integration.js,Duplicate Assert,"{'line': 281, 'column': 8, 'index': 8873}","  279 |         expectedResponse.body = Buffer.from(samLogoBase64, 'base64')
  280 |         expectedResponse.isBase64Encoded = false
> 281 |         expect(response.headers.etag).toMatch(etagRegex)
      |        ^ Duplicate Assert
  282 |         expect(response.headers['last-modified']).toMatch(lastModifiedRegex)
  283 |         delete response.headers.etag
  284 |         delete response.headers['last-modified']"
/home/gabriel/Disk/Research/research-javascript-test-smells/repositories/serverless-express/__tests__/integration.js,Duplicate Assert,"{'line': 282, 'column': 8, 'index': 8930}","  280 |         expectedResponse.isBase64Encoded = false
  281 |         expect(response.headers.etag).toMatch(etagRegex)
> 282 |         expect(response.headers['last-modified']).toMatch(lastModifiedRegex)
      |        ^ Duplicate Assert
  283 |         delete response.headers.etag
  284 |         delete response.headers['last-modified']
  285 |         break"
/home/gabriel/Disk/Research/research-javascript-test-smells/repositories/serverless-express/__tests__/integration.js,Duplicate Assert,"{'line': 282, 'column': 8, 'index': 8930}","  280 |         expectedResponse.isBase64Encoded = false
  281 |         expect(response.headers.etag).toMatch(etagRegex)
> 282 |         expect(response.headers['last-modified']).toMatch(lastModifiedRegex)
      |        ^ Duplicate Assert
  283 |         delete response.headers.etag
  284 |         delete response.headers['last-modified']
  285 |         break"
/home/gabriel/Disk/Research/research-javascript-test-smells/repositories/serverless-express/__tests__/integration.js,Duplicate Assert,"{'line': 287, 'column': 8, 'index': 9134}","  285 |         break
  286 |       case 'apiGatewayV2':
> 287 |         expect(response.headers.etag).toMatch(etagRegex)
      |        ^ Duplicate Assert
  288 |         expect(response.headers['last-modified']).toMatch(lastModifiedRegex)
  289 |         delete response.headers.etag
  290 |         delete response.headers['last-modified']"
/home/gabriel/Disk/Research/research-javascript-test-smells/repositories/serverless-express/__tests__/integration.js,Duplicate Assert,"{'line': 287, 'column': 8, 'index': 9134}","  285 |         break
  286 |       case 'apiGatewayV2':
> 287 |         expect(response.headers.etag).toMatch(etagRegex)
      |        ^ Duplicate Assert
  288 |         expect(response.headers['last-modified']).toMatch(lastModifiedRegex)
  289 |         delete response.headers.etag
  290 |         delete response.headers['last-modified']"
/home/gabriel/Disk/Research/research-javascript-test-smells/repositories/serverless-express/__tests__/integration.js,Duplicate Assert,"{'line': 288, 'column': 8, 'index': 9191}","  286 |       case 'apiGatewayV2':
  287 |         expect(response.headers.etag).toMatch(etagRegex)
> 288 |         expect(response.headers['last-modified']).toMatch(lastModifiedRegex)
      |        ^ Duplicate Assert
  289 |         delete response.headers.etag
  290 |         delete response.headers['last-modified']
  291 |         break"
/home/gabriel/Disk/Research/research-javascript-test-smells/repositories/serverless-express/__tests__/integration.js,Duplicate Assert,"{'line': 288, 'column': 8, 'index': 9191}","  286 |       case 'apiGatewayV2':
  287 |         expect(response.headers.etag).toMatch(etagRegex)
> 288 |         expect(response.headers['last-modified']).toMatch(lastModifiedRegex)
      |        ^ Duplicate Assert
  289 |         delete response.headers.etag
  290 |         delete response.headers['last-modified']
  291 |         break"
/home/gabriel/Disk/Research/research-javascript-test-smells/repositories/serverless-express/__tests__/integration.js,Duplicate Assert,"{'line': 567, 'column': 6, 'index': 17197}","  565 |   const assertLogCalls = (logger, expectedCalls) => {
  566 |     expectedCalls.forEach(({ method, message }) => {
> 567 |       expect(global.console[method]).toHaveBeenLastCalledWith({ message })
      |      ^ Duplicate Assert
  568 |     })
  569 |   }
  570 |"
/home/gabriel/Disk/Research/research-javascript-test-smells/repositories/serverless-express/__tests__/integration.js,Duplicate Assert,"{'line': 573, 'column': 6, 'index': 17355}","  571 |   const assertNoCalls = (methods) => {
  572 |     methods.forEach(method => {
> 573 |       expect(global.console[method]).not.toHaveBeenCalled()
      |      ^ Duplicate Assert
  574 |     })
  575 |   }
  576 |"
/home/gabriel/Disk/Research/research-javascript-test-smells/repositories/serverless-express/__tests__/integration.js,Duplicate Assert,"{'line': 646, 'column': 6, 'index': 19575}","  644 |       logger.debug('array', ['message'])
  645 |
> 646 |       expect(global.console.debug).toHaveBeenNthCalledWith(
      |      ^ Duplicate Assert
  647 |         1,
  648 |         {
  649 |           message: 'simple message'"
/home/gabriel/Disk/Research/research-javascript-test-smells/repositories/serverless-express/__tests__/integration.js,Duplicate Assert,"{'line': 652, 'column': 6, 'index': 19710}","  650 |         }
  651 |       )
> 652 |       expect(global.console.debug).toHaveBeenNthCalledWith(
      |      ^ Duplicate Assert
  653 |         2,
  654 |         {
  655 |           message: 'debug',"
/home/gabriel/Disk/Research/research-javascript-test-smells/repositories/serverless-express/__tests__/integration.js,Duplicate Assert,"{'line': 660, 'column': 6, 'index': 19881}","  658 |         }
  659 |       )
> 660 |       expect(global.console.debug).toHaveBeenNthCalledWith(
      |      ^ Duplicate Assert
  661 |         3,
  662 |         {
  663 |           message: 'debug'"
/home/gabriel/Disk/Research/research-javascript-test-smells/repositories/serverless-express/__tests__/integration.js,Duplicate Assert,"{'line': 666, 'column': 6, 'index': 20007}","  664 |         }
  665 |       )
> 666 |       expect(global.console.debug).toHaveBeenNthCalledWith(
      |      ^ Duplicate Assert
  667 |         4,
  668 |         {
  669 |           message: 'array',"
/home/gabriel/Disk/Research/research-javascript-test-smells/repositories/serverless-express/__tests__/integration.js,Ignored Test,"{'line': 423, 'column': 7, 'index': 13127}","  421 |   })
  422 |
> 423 |   test.skip('respondToEventSourceWithError', async () => {
      |       ^ Ignored Test
  424 |     const response = await serverlessExpressInstance(null)
  425 |     expect(response).toEqual({
  426 |       statusCode: 500,"
/home/gabriel/Disk/Research/research-javascript-test-smells/repositories/serverless-express/__tests__/integration.js,Magic Number,"{'line': 270, 'column': 63, 'index': 8318}","  268 |       case 'alb':
  269 |       case 'apiGatewayV1':
> 270 |         expect(response.multiValueHeaders.etag.length).toEqual(1)
      |                                                               ^ Magic Number
  271 |         expect(response.multiValueHeaders.etag[0]).toMatch(etagRegex)
  272 |         expect(response.multiValueHeaders['last-modified'].length).toEqual(1)
  273 |         expect(response.multiValueHeaders['last-modified'][0]).toMatch(lastModifiedRegex)"
/home/gabriel/Disk/Research/research-javascript-test-smells/repositories/serverless-express/__tests__/integration.js,Magic Number,"{'line': 272, 'column': 75, 'index': 8466}","  270 |         expect(response.multiValueHeaders.etag.length).toEqual(1)
  271 |         expect(response.multiValueHeaders.etag[0]).toMatch(etagRegex)
> 272 |         expect(response.multiValueHeaders['last-modified'].length).toEqual(1)
      |                                                                           ^ Magic Number
  273 |         expect(response.multiValueHeaders['last-modified'][0]).toMatch(lastModifiedRegex)
  274 |         delete response.multiValueHeaders.etag
  275 |         delete response.multiValueHeaders['last-modified']"
/home/gabriel/Disk/Research/research-javascript-test-smells/repositories/serverless-express/__tests__/integration.js,Magic Number,"{'line': 293, 'column': 53, 'index': 9438}","  291 |         break
  292 |       case 'lambdaEdge':
> 293 |         expect(response.headers.etag.length).toEqual(1)
      |                                                     ^ Magic Number
  294 |         expect(response.headers.etag[0].key).toMatch('etag')
  295 |         expect(response.headers.etag[0].value).toMatch(etagRegex)
  296 |         expect(response.headers['last-modified'].length).toEqual(1)"
/home/gabriel/Disk/Research/research-javascript-test-smells/repositories/serverless-express/__tests__/integration.js,Magic Number,"{'line': 296, 'column': 65, 'index': 9633}","  294 |         expect(response.headers.etag[0].key).toMatch('etag')
  295 |         expect(response.headers.etag[0].value).toMatch(etagRegex)
> 296 |         expect(response.headers['last-modified'].length).toEqual(1)
      |                                                                 ^ Magic Number
  297 |         expect(response.headers['last-modified'][0].key).toMatch('last-modified')
  298 |         expect(response.headers['last-modified'][0].value).toMatch(lastModifiedRegex)
  299 |         delete response.headers.etag"
/home/gabriel/Disk/Research/research-javascript-test-smells/repositories/serverless-express/__tests__/integration.js,Magic Number,"{'line': 546, 'column': 56, 'index': 16539}","  544 |       await serverlessExpressInstance(event)
  545 |
> 546 |       expect(customLogger.debug.mock.calls.length).toBe(6)
      |                                                        ^ Magic Number
  547 |
  548 |       // TODO: test log levels
  549 |       // customLogger.level = 'error'"
/home/gabriel/Disk/Research/research-javascript-test-smells/repositories/serverless-express/__tests__/integration.js,Mystery Guest,"{'column': 25, 'line': 252}","  250 |     const response = await serverlessExpressInstance(event)
  251 |
> 252 |     const samLogoImage = fs.readFileSync(samLogoPath)
      |                         ^ Mystery Guest
  253 |     const samLogoBase64 = Buffer.from(samLogoImage).toString('base64')
  254 |     const expectedResponse = makeResponse({
  255 |       eventSourceName,"
