FileName, TotalMethods, TotalTestSmells,Physical SLOC,Logical SLOC,Cyclomatic,CyclomaticDensity,HalsteadBugs,HalsteadDifficulty,HalsteadEffort,HalsteadLength,HalsteadTime,HalsteadVocabulary,HalsteadVolume,Maintainability,assertionRoulette,conditionalTestLogic,duplicateAssert,eagerTest,emptyTest,exceptionHandling,globalVariable,ignoredTest,lazyTest,magicNumberRule,mysteryGuest,redundantAssertion,redundantPrint,resourceOptimism,sleepyTest,unknownTest
/home/gabriel/Disk/Research/research-javascript-test-smells/repositories/undici/test/util.js,46,3,255,415,88,21.205,2.835,35.2,299335.998,1160,16629.778,161,8503.864,117.348,0,3,0,0,0,0,0,1,0,0,0,0,0,0,0,46
/home/gabriel/Disk/Research/research-javascript-test-smells/repositories/undici/test/tls-session-reuse.js,3,2,182,190,28,14.737,1.586,38.467,183036.202,660,10168.678,148,4758.239,104.002,0,6,0,0,0,0,0,0,0,0,0,0,0,0,0,3
/home/gabriel/Disk/Research/research-javascript-test-smells/repositories/undici/test/timers.js,14,3,259,278,44,15.827,2.545,63.152,482196.031,1071,26788.668,140,7635.462,108.365,0,3,0,0,0,0,0,0,0,0,0,0,0,0,10,14
/home/gabriel/Disk/Research/research-javascript-test-smells/repositories/undici/test/snapshot-testing.js,29,5,1500,1524,106,6.955,16.785,84.027,4231260.069,5551,235070.004,538,50355.688,89.106,0,10,0,0,0,6,0,0,0,36,0,0,0,0,1,1
/home/gabriel/Disk/Research/research-javascript-test-smells/repositories/undici/test/request.js,15,2,497,554,71,12.816,5.067,81.653,1241158.621,2126,68953.257,142,15200.362,102.168,0,7,0,0,0,0,0,0,0,0,0,0,0,0,0,15
/home/gabriel/Disk/Research/research-javascript-test-smells/repositories/undici/test/redirect-stream.js,17,3,421,448,43,9.598,4.488,57.071,768427.987,1830,42690.444,164,13464.32,99.549,0,1,0,0,0,2,0,0,0,0,0,0,0,0,0,17
/home/gabriel/Disk/Research/research-javascript-test-smells/repositories/undici/test/readable.js,9,1,192,186,39,20.968,1.314,22.963,90516.681,629,5028.705,77,3941.809,119.189,0,0,0,0,0,0,0,0,0,0,0,0,0,0,0,8
/home/gabriel/Disk/Research/research-javascript-test-smells/repositories/undici/test/no-strict-content-length.js,7,1,387,366,60,16.393,2.496,47.206,353449.095,1145,19636.061,93,7487.337,112.016,0,0,0,0,0,0,0,0,0,0,0,0,0,0,0,7
/home/gabriel/Disk/Research/research-javascript-test-smells/repositories/undici/test/mock-utils.js,31,2,377,369,43,11.653,4.252,27.449,350101.985,1591,19450.11,259,12754.742,105.38,0,1,0,0,0,0,0,0,0,0,0,0,0,0,0,31
/home/gabriel/Disk/Research/research-javascript-test-smells/repositories/undici/test/mock-scope.js,5,1,68,88,17,19.318,0.595,27.5,49083.437,325,2726.858,45,1784.852,117.114,0,0,0,0,0,0,0,0,0,0,0,0,0,0,0,5
/home/gabriel/Disk/Research/research-javascript-test-smells/repositories/undici/test/mock-pool.js,16,2,410,462,55,11.905,3.868,39.476,458114.93,1583,25450.829,161,11604.841,105.648,0,0,0,0,0,1,0,0,0,0,0,0,0,0,0,15
/home/gabriel/Disk/Research/research-javascript-test-smells/repositories/undici/test/mock-interceptor.js,15,2,421,460,82,17.826,4.681,70.074,984044.623,1930,54669.146,155,14042.92,109.643,0,3,0,0,0,0,0,0,0,0,0,0,0,0,0,15
/home/gabriel/Disk/Research/research-javascript-test-smells/repositories/undici/test/mock-errors.js,2,1,27,27,4,14.815,0.241,12.615,9113.603,142,506.311,34,722.42,113.625,0,0,0,0,0,0,0,0,0,0,0,0,0,0,0,2
/home/gabriel/Disk/Research/research-javascript-test-smells/repositories/undici/test/mock-client.js,18,2,497,572,65,11.364,4.979,54.898,819988.569,2035,45554.921,162,14936.595,103.475,0,0,0,0,0,1,0,0,0,0,0,0,0,0,0,18
/home/gabriel/Disk/Research/research-javascript-test-smells/repositories/undici/test/mock-call-history.js,35,2,431,502,56,11.155,4.8,65.833,948031.276,2017,52668.404,141,14400.475,102.17,0,1,0,0,0,0,0,0,0,0,0,0,0,0,0,35
/home/gabriel/Disk/Research/research-javascript-test-smells/repositories/undici/test/mock-call-history-log.js,6,1,102,92,12,13.043,0.797,19.119,45706.751,385,2539.264,74,2390.64,109.804,0,0,0,0,0,0,0,0,0,0,0,0,0,0,0,6
/home/gabriel/Disk/Research/research-javascript-test-smells/repositories/undici/test/mock-agent.js,90,4,3275,3597,323,8.98,40.755,304.551,37236221.541,13695,2068678.974,487,122265.919,91.837,0,5,0,0,0,2,0,0,0,0,0,0,0,0,2,89
/home/gabriel/Disk/Research/research-javascript-test-smells/repositories/undici/test/max-response-size.js,4,1,122,146,28,19.178,1.052,24.607,77651.395,495,4313.966,83,3155.645,117.134,0,0,0,0,0,0,0,0,0,0,0,0,0,0,0,4
/home/gabriel/Disk/Research/research-javascript-test-smells/repositories/undici/test/issue-4244.js,2,3,66,83,16,19.277,0.512,17.457,26797.671,248,1488.76,73,1535.076,116.189,0,0,0,0,0,1,0,0,0,1,0,0,0,0,0,1
/home/gabriel/Disk/Research/research-javascript-test-smells/repositories/undici/test/issue-3959.js,2,1,67,90,9,10,0.639,16.115,30889.248,296,1716.069,89,1916.817,105.856,0,0,0,0,0,0,0,0,0,0,0,0,0,0,0,2
/home/gabriel/Disk/Research/research-javascript-test-smells/repositories/undici/test/issue-3904.js,0,1,59,75,8,10.667,0.536,13.797,22165.181,252,1231.399,83,1606.51,107.634,0,1,0,0,0,0,0,0,0,0,0,0,0,0,0,0
/home/gabriel/Disk/Research/research-javascript-test-smells/repositories/undici/test/issue-3410.js,2,1,89,86,10,11.628,0.519,13.684,21322.214,266,1184.567,58,1558.223,109.927,0,0,0,0,0,0,0,0,0,0,0,0,0,0,0,2
/home/gabriel/Disk/Research/research-javascript-test-smells/repositories/undici/test/issue-2283.js,1,1,25,29,3,10.345,0.185,9.483,5262.62,105,292.368,39,554.967,108.701,2,0,0,0,0,0,0,0,0,0,0,0,0,0,0,0
/home/gabriel/Disk/Research/research-javascript-test-smells/repositories/undici/test/errors.js,4,1,78,83,12,14.458,0.831,10.792,26910.596,367,1495.033,111,2493.551,113.284,0,0,0,0,0,0,0,0,0,0,0,0,0,0,0,4
/home/gabriel/Disk/Research/research-javascript-test-smells/repositories/undici/test/env-http-proxy-agent.js,34,2,485,773,48,6.21,7.741,91.781,2131423.705,2953,118412.428,233,23222.942,88.504,0,2,0,0,0,0,0,0,0,0,0,0,0,0,0,34
/home/gabriel/Disk/Research/research-javascript-test-smells/repositories/undici/test/env-http-proxy-agent-nodejs-bundle.js,1,3,83,95,14,14.737,0.769,17.531,40427.401,351,2245.967,95,2306.019,112.729,0,1,0,0,0,0,0,0,0,0,0,0,2,0,0,1
/home/gabriel/Disk/Research/research-javascript-test-smells/repositories/undici/test/decorator-handler.js,25,1,406,397,92,23.174,3.514,54.491,574445.708,1506,31913.65,128,10542,117.425,0,0,0,0,0,0,0,0,0,0,0,0,0,0,0,25
/home/gabriel/Disk/Research/research-javascript-test-smells/repositories/undici/test/connect-timeout.js,2,2,84,96,14,14.583,0.71,19.119,40727.953,336,2262.664,81,2130.19,112.534,0,0,0,0,0,0,0,0,0,0,0,0,0,0,2,2
/home/gabriel/Disk/Research/research-javascript-test-smells/repositories/undici/test/client-wasm.js,37,2,366,309,57,18.447,4.201,23.92,301491.46,1599,16749.526,236,12604.346,114.296,0,1,0,0,0,0,0,0,0,0,0,0,0,0,0,37
/home/gabriel/Disk/Research/research-javascript-test-smells/repositories/undici/test/client-request.js,47,4,1563,1842,251,13.626,18.101,116.251,6312736.212,6413,350707.567,354,54302.754,103.975,0,14,0,0,0,4,0,0,0,0,0,0,0,0,4,43
/home/gabriel/Disk/Research/research-javascript-test-smells/repositories/undici/test/client-node-max-header-size.js,2,1,77,88,11,12.5,0.698,15.623,32692.431,331,1816.246,80,2092.558,109.963,0,0,0,0,0,0,0,0,0,0,0,0,0,0,0,2
/home/gabriel/Disk/Research/research-javascript-test-smells/repositories/undici/test/websocket/websocketinit.js,1,1,42,43,8,18.605,0.291,13.818,12080.128,148,671.118,60,874.22,118.722,0,0,0,0,0,0,0,0,0,0,0,0,0,0,0,1
/home/gabriel/Disk/Research/research-javascript-test-smells/repositories/undici/test/websocket/util.js,4,2,31,32,7,21.875,0.217,15.778,10257.204,123,569.845,39,650.104,118.269,0,1,0,0,0,0,0,0,0,0,0,0,0,0,0,4
/home/gabriel/Disk/Research/research-javascript-test-smells/repositories/undici/test/websocket/send.js,9,1,236,224,46,20.536,2.126,45.542,290403.295,964,16133.516,98,6376.58,115.429,0,0,0,0,0,0,0,0,0,0,0,0,0,0,0,9
/home/gabriel/Disk/Research/research-javascript-test-smells/repositories/undici/test/websocket/events.js,20,1,209,178,34,19.101,2.142,38.5,247406.507,944,13744.806,112,6426.143,113.77,0,0,0,0,0,0,0,0,0,0,0,0,0,0,0,20
/home/gabriel/Disk/Research/research-javascript-test-smells/repositories/undici/test/websocket/close.js,7,1,154,167,36,21.557,1.259,28.762,108606.257,612,6033.681,72,3775.994,118.741,0,0,0,0,0,0,0,0,0,0,0,0,0,0,0,7
/home/gabriel/Disk/Research/research-javascript-test-smells/repositories/undici/test/webidl/errors.js,3,1,49,44,10,22.727,0.283,12.188,10331.737,148,573.985,53,847.732,123.262,0,1,0,0,0,0,0,0,0,0,0,0,0,0,0,0
/home/gabriel/Disk/Research/research-javascript-test-smells/repositories/undici/test/webidl/converters.js,16,3,446,337,80,23.739,3.751,69.417,781166.086,1595,43398.116,133,11253.175,116.286,27,1,2,0,0,0,0,0,0,0,0,0,0,0,0,0
/home/gabriel/Disk/Research/research-javascript-test-smells/repositories/undici/test/utils/date.js,6,2,374,558,13,2.33,9.259,59.363,1649012.363,3207,91611.798,405,27778.322,64.5,0,6,0,0,0,0,0,0,0,0,0,0,0,0,0,6
/home/gabriel/Disk/Research/research-javascript-test-smells/repositories/undici/test/subresource-integrity/parse-metadata.js,4,1,62,71,6,8.451,0.566,20.8,35305.317,291,1961.406,57,1697.371,101.285,0,0,0,0,0,0,0,0,0,0,0,0,0,0,0,4
/home/gabriel/Disk/Research/research-javascript-test-smells/repositories/undici/test/subresource-integrity/is-valid-sri-hash-algorithm.js,4,1,24,34,6,17.647,0.18,8.54,4611.6,108,256.2,32,540,120.175,0,0,0,0,0,0,0,0,0,0,0,0,0,0,0,4
/home/gabriel/Disk/Research/research-javascript-test-smells/repositories/undici/test/subresource-integrity/get-strongest-metadata.js,7,1,75,86,10,11.628,0.552,18.73,31036.447,300,1724.247,46,1657.069,108.644,0,0,0,0,0,0,0,0,0,0,0,0,0,0,0,7
/home/gabriel/Disk/Research/research-javascript-test-smells/repositories/undici/test/subresource-integrity/case-sensitive-match.js,11,1,74,76,13,17.105,0.5,16.265,24398.922,280,1355.496,41,1500.115,116.617,0,0,0,0,0,0,0,0,0,0,0,0,0,0,0,11
/home/gabriel/Disk/Research/research-javascript-test-smells/repositories/undici/test/subresource-integrity/bytes-match.js,1,1,17,23,3,13.043,0.117,5.688,2000.566,71,111.143,31,351.748,115.764,0,0,0,0,0,0,0,0,0,0,0,0,0,0,0,1
/home/gabriel/Disk/Research/research-javascript-test-smells/repositories/undici/test/subresource-integrity/apply-algorithm-to-bytes.js,3,1,29,39,5,12.821,0.238,8.061,5748.327,134,319.352,40,713.138,113.622,0,0,0,0,0,0,0,0,0,0,0,0,0,0,0,3
/home/gabriel/Disk/Research/research-javascript-test-smells/repositories/undici/test/node-test/tree.js,6,2,78,95,17,17.895,0.782,33.833,79324.669,380,4406.926,72,2344.572,108.701,2,4,0,0,0,0,0,0,0,0,0,0,0,0,0,0
/home/gabriel/Disk/Research/research-javascript-test-smells/repositories/undici/test/node-test/balanced-pool.js,10,3,604,627,77,12.281,7.846,115.759,2724605.519,2899,151366.973,278,23536.81,95.004,0,16,0,0,0,2,0,0,0,0,0,0,0,0,0,10
/home/gabriel/Disk/Research/research-javascript-test-smells/repositories/undici/test/node-test/agent.js,35,6,887,1061,183,17.248,10.405,133.648,4171840.827,3883,231768.935,263,31215.122,107.985,8,2,2,0,0,9,0,0,0,0,0,0,0,0,1,30
/home/gabriel/Disk/Research/research-javascript-test-smells/repositories/undici/test/node-fetch/response.js,22,3,240,215,30,13.953,2.223,32.406,216154.08,929,12008.56,145,6670.136,108.018,16,4,0,0,0,0,0,0,0,5,0,0,0,0,0,0
/home/gabriel/Disk/Research/research-javascript-test-smells/repositories/undici/test/node-fetch/request.js,13,5,277,294,39,13.265,3.115,37.422,349765.233,1260,19431.402,171,9346.494,107.149,23,3,2,0,0,0,0,3,0,2,0,0,0,0,0,0
/home/gabriel/Disk/Research/research-javascript-test-smells/repositories/undici/test/node-fetch/mock.js,4,2,113,106,8,7.547,0.741,25.532,56773.764,378,3154.098,59,2223.639,98.813,10,0,0,0,0,0,0,0,0,4,0,0,0,0,0,0
/home/gabriel/Disk/Research/research-javascript-test-smells/repositories/undici/test/node-fetch/main.js,124,7,1660,1960,330,16.837,23.181,118.926,8270476.144,7754,459470.897,501,69543.042,107.371,300,3,0,0,0,7,0,8,0,38,0,0,0,0,2,11
/home/gabriel/Disk/Research/research-javascript-test-smells/repositories/undici/test/node-fetch/headers.js,11,5,309,305,34,11.148,4.066,47.868,583834.345,1648,32435.241,169,12196.649,102.11,42,4,14,0,0,0,0,4,0,2,0,0,0,0,0,0
/home/gabriel/Disk/Research/research-javascript-test-smells/repositories/undici/test/jest/mock-scope.test.js,1,1,32,35,5,14.286,0.184,5.579,3081.566,100,171.198,46,552.356,117.507,0,0,0,0,0,0,0,0,0,0,0,0,0,0,1,0
/home/gabriel/Disk/Research/research-javascript-test-smells/repositories/undici/test/jest/mock-agent.test.js,3,1,70,78,7,8.974,0.509,12.517,19115.469,250,1061.97,69,1527.131,104.885,0,0,0,0,0,0,0,0,0,1,0,0,0,0,0,0
/home/gabriel/Disk/Research/research-javascript-test-smells/repositories/undici/test/jest/issue-1757.test.js,1,2,59,57,10,17.544,0.392,17.64,20724.889,193,1151.383,68,1174.88,114.515,0,2,0,0,0,0,0,0,0,1,0,0,0,0,0,0
/home/gabriel/Disk/Research/research-javascript-test-smells/repositories/undici/test/interceptors/deduplicate.js,26,2,1134,1107,84,7.588,10.482,109.876,3455152.937,4110,191952.941,201,31445.822,92.644,0,1,0,0,0,0,0,0,0,0,0,0,0,0,0,26
/home/gabriel/Disk/Research/research-javascript-test-smells/repositories/undici/test/interceptors/cache.js,35,3,1988,1734,140,8.074,16.731,173.714,8719451.72,6159,484413.984,284,50194.293,89.975,0,23,0,0,0,8,0,0,0,0,0,0,0,0,0,35
/home/gabriel/Disk/Research/research-javascript-test-smells/repositories/undici/test/interceptors/cache-revalidate-stale.js,3,2,160,178,16,8.989,1.406,41.566,175375.63,631,9743.091,103,4219.182,95.876,0,2,0,0,0,0,0,0,0,0,0,0,0,0,0,1
/home/gabriel/Disk/Research/research-javascript-test-smells/repositories/undici/test/fuzzing/fuzzing.test.js,3,1,65,76,11,14.474,0.469,14.143,19882.594,238,1104.589,60,1405.84,112.074,0,0,0,0,0,0,0,0,0,0,0,0,0,0,0,3
/home/gabriel/Disk/Research/research-javascript-test-smells/repositories/undici/test/fetch/util.js,17,2,313,214,32,14.953,2.862,26.265,225502.73,1117,12527.929,206,8585.821,108.583,0,5,0,0,0,0,0,0,0,0,0,0,0,0,0,17
/home/gabriel/Disk/Research/research-javascript-test-smells/repositories/undici/test/fetch/response.js,15,3,298,274,39,14.234,2.888,51.333,444741.529,1172,24707.863,168,8663.796,106.383,0,3,0,0,0,1,0,0,0,0,0,0,0,0,0,13
/home/gabriel/Disk/Research/research-javascript-test-smells/repositories/undici/test/fetch/response-inspect-custom.js,1,1,30,21,3,14.286,0.113,7.239,2461.304,68,136.739,32,340,116.529,0,0,0,0,0,0,0,0,0,0,0,0,0,0,0,1
/home/gabriel/Disk/Research/research-javascript-test-smells/repositories/undici/test/fetch/request-inspect-custom.js,1,1,22,22,3,13.636,0.118,6.08,2146.894,70,119.272,33,353.108,116.242,0,0,0,0,0,0,0,0,0,0,0,0,0,0,0,1
/home/gabriel/Disk/Research/research-javascript-test-smells/repositories/undici/test/fetch/referrrer-policy.js,0,1,120,64,12,18.75,0.707,15.974,33867.453,325,1881.525,92,2120.158,98.656,0,3,0,0,0,0,0,0,0,0,0,0,0,0,0,0
/home/gabriel/Disk/Research/research-javascript-test-smells/repositories/undici/test/fetch/issue-3616.js,0,1,48,50,7,14,0.351,10.534,11078.133,171,615.452,71,1051.607,113.954,0,1,0,0,0,0,0,0,0,0,0,0,0,0,0,0
/home/gabriel/Disk/Research/research-javascript-test-smells/repositories/undici/test/fetch/issue-2242.js,4,2,54,62,13,20.968,0.368,17.122,18918.701,192,1051.039,54,1104.938,120.785,0,1,0,0,0,0,0,0,0,0,0,0,0,0,0,4
/home/gabriel/Disk/Research/research-javascript-test-smells/repositories/undici/test/fetch/encoding.js,4,2,169,185,24,12.973,1.672,39.286,197113.981,729,10950.777,118,5017.447,103.329,0,2,0,0,0,0,0,0,0,0,0,0,0,0,0,4
/home/gabriel/Disk/Research/research-javascript-test-smells/repositories/undici/test/fetch/cookies.js,4,2,114,130,14,10.769,1.143,22.638,77638.23,501,4313.235,115,3429.591,102.237,0,2,0,0,0,0,0,0,0,0,0,0,0,0,0,4
/home/gabriel/Disk/Research/research-javascript-test-smells/repositories/undici/test/fetch/client-node-max-header-size.js,1,1,48,54,8,14.815,0.402,11.096,13374.797,198,743.044,68,1205.318,114.683,0,0,0,0,0,0,0,0,0,0,0,0,0,0,0,1
/home/gabriel/Disk/Research/research-javascript-test-smells/repositories/undici/test/eventsource/eventsource.js,2,1,14,21,6,28.571,0.088,7.294,1930.752,57,107.264,25,264.7,130.958,0,0,0,0,0,0,0,0,0,0,0,0,0,0,0,2
/home/gabriel/Disk/Research/research-javascript-test-smells/repositories/undici/test/eventsource/eventsource-stream.js,15,2,298,256,47,18.359,3.289,129.676,1279590.241,1509,71088.347,93,9867.591,100.689,0,11,0,0,0,0,0,0,0,0,0,0,0,0,0,15
/home/gabriel/Disk/Research/research-javascript-test-smells/repositories/undici/test/eventsource/eventsource-stream-process-event.js,6,1,137,95,15,15.789,1.135,34.043,115962.818,584,6442.379,57,3406.408,110.478,0,0,0,0,0,0,0,0,0,0,0,0,0,0,0,6
/home/gabriel/Disk/Research/research-javascript-test-smells/repositories/undici/test/eventsource/eventsource-stream-parse-line.js,14,1,281,218,19,8.716,2.938,51.419,453258.065,1379,25181.004,84,8815.006,96.998,0,0,0,0,0,0,0,0,0,0,0,0,0,0,0,14
/home/gabriel/Disk/Research/research-javascript-test-smells/repositories/undici/test/eventsource/eventsource-stream-bom.js,8,2,135,122,26,21.311,1.419,87.692,373394.698,730,20744.15,57,4258.01,105.636,0,8,0,0,0,0,0,0,0,0,0,0,0,0,0,8
/home/gabriel/Disk/Research/research-javascript-test-smells/repositories/undici/test/eventsource/eventsource-request-status-error.js,0,1,34,43,8,18.605,0.342,10.352,10612.398,169,589.578,67,1025.169,119.165,0,1,0,0,0,0,0,0,0,0,0,0,0,0,0,0
/home/gabriel/Disk/Research/research-javascript-test-smells/repositories/undici/test/eventsource/eventsource-redirecting.js,3,2,115,135,26,19.259,1.292,32.671,126622.557,600,7034.586,88,3875.659,108.809,0,8,0,0,0,0,0,0,0,0,0,0,0,0,0,3
/home/gabriel/Disk/Research/research-javascript-test-smells/repositories/undici/test/eventsource/eventsource-reconnect.js,4,2,150,182,28,15.385,1.352,42.429,172112.478,628,9561.804,88,4056.523,107.663,0,4,0,0,0,0,0,0,0,0,0,0,0,0,0,4
/home/gabriel/Disk/Research/research-javascript-test-smells/repositories/undici/test/eventsource/eventsource-message.js,9,3,245,305,60,19.672,2.339,56.428,395891.861,1056,21993.992,100,7015.912,113.883,0,2,0,0,0,0,0,0,0,0,0,0,0,0,9,9
/home/gabriel/Disk/Research/research-javascript-test-smells/repositories/undici/test/eventsource/eventsource-constructor.js,2,1,51,62,10,16.129,0.437,13.953,18302.704,229,1016.817,53,1311.694,115.751,0,0,0,0,0,0,0,0,0,0,0,0,0,0,0,2
/home/gabriel/Disk/Research/research-javascript-test-smells/repositories/undici/test/eventsource/eventsource-constructor-stringify.js,1,1,30,41,7,17.073,0.267,9.682,7759.154,138,431.064,56,801.415,118.387,0,0,0,0,0,0,0,0,0,0,0,0,0,0,0,1
/home/gabriel/Disk/Research/research-javascript-test-smells/repositories/undici/test/eventsource/eventsource-connect.js,10,1,245,278,41,14.748,2.505,43.167,324343.393,1108,18019.077,110,7513.747,109.295,0,0,0,0,0,0,0,0,0,0,0,0,0,0,0,10
/home/gabriel/Disk/Research/research-javascript-test-smells/repositories/undici/test/eventsource/eventsource-close.js,2,1,62,76,12,15.789,0.576,14.444,24960,288,1386.667,64,1728,114.968,0,0,0,0,0,0,0,0,0,0,0,0,0,0,0,2
/home/gabriel/Disk/Research/research-javascript-test-smells/repositories/undici/test/eventsource/eventsource-attributes.js,0,1,93,75,12,16,0.743,23.958,53369.529,344,2964.974,89,2227.652,112.584,0,1,0,0,0,0,0,0,0,0,0,0,0,0,0,0
/home/gabriel/Disk/Research/research-javascript-test-smells/repositories/undici/test/cookie/validate-cookie-value.js,7,1,79,200,48,24,0.956,11.559,33159.577,462,1842.199,74,2868.767,125.521,0,0,0,0,0,0,0,0,0,0,0,0,0,0,0,7
/home/gabriel/Disk/Research/research-javascript-test-smells/repositories/undici/test/cookie/validate-cookie-path.js,3,1,60,168,39,23.214,0.565,6.786,11509.867,286,639.437,61,1696.191,127.891,0,0,0,0,0,0,0,0,0,0,0,0,0,0,0,3
/home/gabriel/Disk/Research/research-javascript-test-smells/repositories/undici/test/cookie/validate-cookie-name.js,21,1,131,274,75,27.372,1.358,11.152,45441.331,616,2524.518,98,4074.661,128.1,0,0,0,0,0,0,0,0,0,0,0,0,0,0,0,21
/home/gabriel/Disk/Research/research-javascript-test-smells/repositories/undici/test/cookie/to-imf-date.js,1,2,22,27,5,18.519,0.164,14.13,6940.062,95,385.559,36,491.143,108.401,0,2,0,0,0,0,0,0,0,0,0,0,0,0,0,1
/home/gabriel/Disk/Research/research-javascript-test-smells/repositories/undici/test/cookie/npm-cookie.js,10,1,114,131,12,9.16,0.904,15.085,40910.799,429,2272.822,80,2712.107,104.458,18,0,0,0,0,0,0,0,0,0,0,0,0,0,0,0
/home/gabriel/Disk/Research/research-javascript-test-smells/repositories/undici/test/cookie/is-ctl-excluding-htab.js,10,2,86,121,13,10.744,0.729,15.643,34216.984,346,1900.944,80,2187.387,106.276,0,1,0,0,0,0,0,0,0,0,0,0,0,0,0,10
/home/gabriel/Disk/Research/research-javascript-test-smells/repositories/undici/test/cookie/global-headers.js,4,2,69,87,12,13.793,0.615,18.223,33617.719,302,1867.651,69,1844.774,109.966,4,1,0,0,0,0,0,0,0,0,0,0,0,0,0,0
/home/gabriel/Disk/Research/research-javascript-test-smells/repositories/undici/test/cache-interceptor/utils.js,16,2,277,220,21,9.545,1.604,21.351,102724.822,693,5706.935,123,4811.163,103.891,0,1,0,0,0,0,0,0,0,0,0,0,0,0,0,16
/home/gabriel/Disk/Research/research-javascript-test-smells/repositories/undici/test/cache-interceptor/cache-store-test-utils.js,5,2,438,331,20,6.042,2.771,54.142,450045.768,1180,25002.543,132,8312.385,86.662,0,6,0,0,0,0,0,0,0,0,0,0,0,0,0,5